{
    "list":[
        {
            "type":"1",
            "bFlag":"^import^",
            "code":["#import \"~name~.h\""]
        },{
            "type":"1",
            "bFlag":"^importH^",
            "code":["#import \"~ModelClass~.h\""]
        },
        {
            "type":"1",
            "bFlag":"^property^",
            "code":["@property(nonatomic, strong) ~ModelClass~ *~ModelName~;"]
        },
        {
            "type":"1",
            "bFlag":"^requestAction^",
            "code":[
                    "\t@weakify(self);\n    [api refreshSuccess:^(NSDictionary *result) {\n        @strongify(self);\n        NSDictionary *dic = [result objectForKey:@\"data\"]?:result;\n        self.~ModelName~ = [~ModelClass~ yy_modelWithJSON:dic];\n        if (completion) {\n            completion(self.~ModelName~?YES:NO, nil);\n        }\n    } failure:^(NSError *error) {\n        if (completion) {\n            completion(NO, error);\n        }\n    }];"]
        },
        {
            "type":"1",
            "bFlag":"^private^",
            "code":["- (void)loadDataWith^requestParamsI^complete:(void(^)(BOOL validData, NSError *error))completion {\n    ~name~ *api = [~name~ new];\n^apiParams^\n^requestAction^\n}"]
        },
        {
            "type":"1",
            "bFlag":"^publicFunc^",
            "code":["- (void)loadDataWith^requestParamsI^complete:(void(^)(BOOL validData, NSError *error))completion;"]
        },
        {
            "type":"2",
            "bFlag":"^requestParamsI^",
            "dependKey":["~paramArr~"],
            "code":["~value0~:(NSString *)~value0~ ",
                    "~value0~:(NSInteger)~value0~ "]
        },
        {
            "type":"2",
            "bFlag":"^apiParams^",
            "dependKey":["~paramArr~"],
            "code":["\tapi.~value0~ = ~value0~;\n",
                    "\tapi.~value0~ = ~value0~;\n"]
        }
    ]
}
