{
    "list":[
        {
            "name":"name",
            "type":"set",
            "value":""
        },
        {
            "name":"ModelClass",
            "type":"set",
            "value":""
        },
        {
            "name":"ModelName",
            "type":"set",
            "value":""
        },
        {
            "name":"paramArr",
            "type":"ArrSet_hasCodeIdx",
            "value":"0:pKey_1:pKey1"
        },
        {
            "name":"asynchronousData",
            "type":"set",
            "value":"1"
        },
        {
            "name":"needUpToDate",
            "type":"set",
            "value":"1"
        }
    ]
}
