{
  "list" : [
    {
      "type" : "1",
      "bFlag" : "^public^",
      "code" : [
        "@interface LNHReportHtRespondModel : NSObject\n^modelProperty^\n@end"
      ]
    },
    {
      "type" : "1",
      "bFlag" : "^private^",
      "code" : [
        "@implementation LNHReportHtRespondModel\r^modelPrivate^\r@end"
      ]
    },
    {
      "code" : [
        "@property ~~ket~~ *~key~; \/\/~value~ ",
        "int",
        "arr",
        "dic"
      ],
      "type" : "2",
      "dependKey" : [
        ""
      ],
      "bFlag" : "^modelProperty^"
    },
    {
      "type" : "2",
      "bFlag" : "^modelPrivate^",
      "code" : [
        "",
        ""
      ]
    }
  ]
}