{
    "list":[
        {
            "type":"h",
            "code":"\/\/\n\/\/  ~ClassName~.h\n\/\/  ~!AppName~\n\/\/\n\/\/  Created by ~!UserName~ on ~!TIME~\n\/\/\n\n#import \"LJNewBaseAPI.h\"\n\nNS_ASSUME_NONNULL_BEGIN\n\n^apis^\n\nNS_ASSUME_NONNULL_END\n"
        },
        {
            "type":"m",
            "code" : "\/\/\n\/\/  ~ClassName~.m\n\/\/  ~!AppName~\n\/\/\n\/\/  Created by ~!UserName~ on ~!TIME~\n\/\/\n\n#import \"~ClassName~.h\"\n#import \"LJMNewSafeKit.h\"\n#import \"LJMNewSafeKit.h\"\n^import^\n\n^apisImp^"
        }
    ]
}
