{
  "list" : [
    {
      "name" : "property",
      "type" : "oneLine"
    },
    {
      "name" : "publicProperty",
      "type" : "oneLine"
    },
    {
      "name" : "importH",
      "type" : "oneLine_no_repet"
    },
    {
      "name" : "import",
      "type" : "oneLine_no_repet"
    },
    {
      "name" : "publicFunc",
      "type" : "oneLine"
    },
    {
      "name" : "addSubview",
      "type" : "oneLine"
    },
    {
      "name" : "mas",
      "type" : "oneLine"
    },
    {
      "name" : "layout",
      "type" : "oneLine"
    },
    {
      "name" : "setModel",
      "type" : "oneLine"
    },
    {
      "name" : "private",
      "type" : "oneLine"
    },
    {
      "name" : "getter",
      "type" : "oneLine"
    },
    {
      "name" : "paramsSet",
      "type" : "oneLine",
      "level" : "component"
    },
    {
      "name" : "propertySet",
      "type" : "oneLine",
      "level" : "component"
    },
    {
      "name" : "event",
      "type" : "alone"
    },
    {
      "name" : "eventBlock",
      "type" : "ifelse"
    },
    {
      "name" : "ClickProperty",
      "type" : "oneLine"
    },
    {
      "name" : "apisImp",
      "type" : "oneLine_hasGapN"
    },
    {
      "name" : "apis",
      "type" : "oneLine_hasGapN"
    },
    {
      "name" : "requestAction",
      "type" : "oneLine",
      "level" : "component"
    },
    {
      "name" : "requestParamsI",
      "type" : "oneLine",
      "level" : "component"
    },
    {
      "name" : "apiParams",
      "type" : "oneLine",
      "level" : "component"
    },
    {
      "name" : "regist",
      "type" : "oneLine"
    },
    {
      "name" : "setUpNav",
      "type" : "oneLine"
    },
    {
      "name" : "configSection",
      "type" : "oneLine"
    },
    {
      "name" : "class",
      "type" : "oneLine"
    },
    {
      "name" : "initParams",
      "type" : "oneLine"
    },
    {
      "name" : "configCell",
      "type" : "oneLine"
    },
    {
      "type" : "oneLine",
      "name" : "viewMas"
    },
    {
      "name" : "viewDidLoad",
      "type" : "oneLine"
    },
    {
      "name" : "requestBlock",
      "type" : "oneLine"
    },
    {
      "name" : "doRequestParams",
      "type" : "oneLine",
      "level" : "component"
    },
    {
      "name" : "doRequestReadyParams",
      "type" : "oneLine",
      "level" : "component"
    },
    {
      "name" : "funcBlock",
      "type" : "oneLine"
    },
    {
      "name" : "build",
      "type" : "oneLine"
    },
    {
      "name" : "public",
      "type" : "oneLine"
    },
    {
      "name" : "modelProperty",
      "type" : "oneLine",
      "level" : "component"
    },
    {
      "name" : "modelPrivate",
      "type" : "oneLine",
      "level" : "component"
    }
  ]
}
