{
  "list" : [
    {
      "type" : "1",
      "bFlag" : "^property^",
      "code" : [
        "\/\/~tip~\n@property (nonatomic, strong) UIButton *~name~;"
      ]
    },
    {
      "type" : "1",
      "bFlag" : "^addSubview^",
      "code" : [
        "\t[self~viewType~ addSubview:self.~name~];"
      ]
    },
    {
      "type" : "1",
      "bFlag" : "^layout^",
      "code" : [
        "\n\t[self.~name~ mas_makeConstraints:^(MASConstraintMaker *make) {\n^viewMas^\n\t}];"
      ]
    },
    {
      "code" : [
        "\t[self.~name~ setTitle:entity.~ModelKey~ forState:UIControlStateNormal];"
      ],
      "type" : "2",
      "dependKey" : [
        "~ModelKey~"
      ],
      "bFlag" : "^setModel^"
    },
    {
      "code" : [
        "\t\t[_~name~ setImage:[LJMNewBusinessImageHelper imageNamedFromBundle:@\"~img~\"] forState:UIControlStateNormal];"
      ],
      "type" : "2",
      "dependKey" : [
        "~img~"
      ],
      "bFlag" : "^paramsSet^"
    },
    {
      "code" : [
        "\t\t[_~name~ setTitle:@\"~text~\" forState:UIControlStateNormal];"
      ],
      "type" : "2",
      "dependKey" : [
        "~text~"
      ],
      "bFlag" : "^paramsSet^"
    },
    {
      "type" : "1",
      "bFlag" : "^getter^",
      "code" : [
        "- (UIButton *)~name~ {\n\tif (!_~name~){\n\t\t_~name~ = [UIButton buttonWithType:UIButtonTypeCustom];\n^paramsSet^\n\t}\n\treturn _~name~;\n}"
      ]
    },
    {
      "code" : [
        "\t\t_~name~.titleLabel.font = [UIFont fontWithName:@\"~fontFamily~\" size:~size~.0f];",
        "\t\t_~name~.titleLabel.font = [UIFont boldSystemFontOfSize:~size~];",
        "\t\t_~name~.titleLabel.font = [UIFont systemFontOfSize:~size~];"
      ],
      "type" : "2",
      "dependKey" : [
        "~fontFamily~",
        "~bold~",
        "~size~"
      ],
      "bFlag" : "^paramsSet^"
    },
    {
      "code" : [
        "\t\t[_~name~ setTitleColor:UIColorFromRGBA(0x~textColor~, ~textAlpha~) forState:UIControlStateNormal];",
        "\t\t[_~name~ setTitleColor:UIColorFromRGB(0x~textColor~) forState:UIControlStateNormal];"
      ],
      "type" : "2",
      "dependKey" : [
        "~textAlpha~",
        "~textColor~"
      ],
      "bFlag" : "^paramsSet^"
    },
    {
      "code" : [
        "\t\t_~name~.backgroundColor = UIColorFromRGBA(0x~backgroundColor~, ~backgroundAlpha~);",
        "\t\t_~name~.backgroundColor = UIColorFromRGB(0x~backgroundColor~);"
      ],
      "type" : "2",
      "dependKey" : [
        "~backgroundAlpha~",
        "~backgroundColor~"
      ],
      "bFlag" : "^paramsSet^"
    },
    {
      "code" : [
        "\t\t_~name~.titleLabel.textAlignment = NSTextAlignment~textAlignment~;"
      ],
      "type" : "2",
      "dependKey" : [
        "~textAlignment~"
      ],
      "bFlag" : "^paramsSet^"
    },
    {
      "code" : [
        "\t\t_~name~.layer.cornerRadius = ~cornerRadius~;\n\t\t_~name~.layer.masksToBounds = YES;",
        "\t\t_~name~.layer.masksToBounds = ~masksToBounds~;"
      ],
      "type" : "2",
      "dependKey" : [
        "~cornerRadius~",
        "~masksToBounds~"
      ],
      "bFlag" : "^paramsSet^"
    },
    {
      "code" : [
        "\t\t_~name~.layer.borderWidth = ~borderWidth~;\n\t\t_~name~.layer.borderColor = UIColorFromRGBA(0x~borderColor~, ~borderAlpha~).CGColor;",
        "\t\t_~name~.layer.borderWidth = ~borderWidth~;\n\t\t_~name~.layer.borderColor = UIColorFromRGB(0x~borderColor~).CGColor;"
      ],
      "type" : "2",
      "dependKey" : [
        "~borderAlpha~",
        "~borderWidth~"
      ],
      "bFlag" : "^paramsSet^"
    },
    {
      "code" : [
        "\t\t_~name~.alpha = ~alpha~;"
      ],
      "type" : "2",
      "dependKey" : [
        "~alpha~"
      ],
      "bFlag" : "^paramsSet^"
    },
    {
      "code" : [
        "@property (nonatomic, copy) void (^~contextName~~name~ClickBlock)(~ModelClass~ *~viewType~Model);"
      ],
      "type" : "2",
      "dependKey" : [
        "~tapAction~"
      ],
      "bFlag" : "^ClickProperty^"
    },
    {
      "code" : [
        "\t\t[_~name~ addTarget:self action:@selector(~name~Click:) forControlEvents:UIControlEventTouchUpInside];"
      ],
      "linkedConfig" : [
        {
          "type" : "1",
          "bFlag" : "^private^",
          "code" : [
            "- (void)~name~Click:(UIButton *)sender{\n    if (self.~contextName~~name~ClickBlock) {\n        self.~contextName~~name~ClickBlock(self.~viewType~Model);\n    }\n}\n"
          ]
        }
      ],
      "type" : "2",
      "dependKey" : [
        "~tapAction~"
      ],
      "bFlag" : "^paramsSet^"
    }
  ]
}
