{
  "list" : [
    {
      "name" : "module",
      "type" : "parent",
      "value" : ""
    },
    {
      "name" : "contextName",
      "type" : "set",
      "value" : ""
    },
    {
      "name" : "viewType",
      "type" : "set",
      "value" : ""
    },
    {
      "name" : "ClassName",
      "type" : "set",
      "value" : ""
    },
    {
      "name" : "RespondModelClass",
      "type" : "set",
      "value" : ""
    },
    {
      "name" : "ModelClass",
      "type" : "set",
      "value" : ""
    },
    {
      "name" : "time",
      "type" : "parent",
      "value" : ""
    },
    {
      "name" : "UserName",
      "type" : "parent",
      "value" : ""
    },
    {
      "name" : "appName",
      "type" : "parent",
      "value" : ""
    }
  ]
}