{
  "list" : [
    {
      "type" : "h",
      "code" : "\/\/\n\/\/  ~ClassName~.h\n\/\/  ~!AppName~\n\/\/\n\/\/  Created by ~!UserName~ on ~!TIME~\n\/\/\n\n#import \"~RespondModelClass~.h\"\n\nNS_ASSUME_NONNULL_BEGIN\n\n@interface ~ClassName~ : UIView\n@property (nonatomic, strong) ~ModelClass~ *viewModel;\n^ClickProperty^\n@end\n\nNS_ASSUME_NONNULL_END\n"
    },
    {
      "type" : "m",
      "code" : "\/\/\n\/\/  ~ClassName~.m\n\/\/  ~!AppName~\n\/\/\n\/\/  Created by ~!UserName~ on ~!TIME~\n\/\/\n\n#import \"~ClassName~.h\"\n#import \"LJMNewSafeKit.h\"\r#import \"LJNHResource.h\"\n^import^\n\n@interface ~ClassName~()\n^property^\n@end\n\n@implementation ~ClassName~\n\n- (void)didInitialize {\n    self.selectionStyle = UITableViewCellSelectionStyleNone;  \n^addSubview^\n^layout^\n}\n\n- (void)configCellModel:(~ModelClass~ *)entity {\n    _cellModel = entity;\n^setModel^\n}\n\n^event^\n^private^\n#pragma mark - getter\n^getter^\n\n@end"
    }
  ]
}