{
    "list":[
        {
            "name":"index",
            "type":"set",
            "value":""
        },
        {
            "name":"tip",
            "type":"set",
            "value":""
        },
        {
            "name":"name",
            "type":"set",
            "value":""
        },
        {
            "name":"costomViewName",
            "type":"set",
            "value":""
        },
        {
            "name":"type",
            "type":"static",
            "value":"View"
        },
        {
            "name":"contextName",
            "type":"parent",
            "value":""
        },
        {
            "name":"viewType",
            "type":"parent",
            "value":"",
            "subValues":[
                {
                    "bFlag":"^addSubview^",
                    "value":{
                        "cell":".contentView",
                        "headerFooter":".contentView",
                        "collectionCell":"",
                        "view":""
                    }
                },
                {
                    "bFlag":"^event^",
                    "value":{
                        "cell":"cell",
                        "headerFooter":"view",
                        "collectionCell":"view",
                        "view":"view"
                    }
                }
            ]
        },
        {
            "name":"tapAction",
            "type":"set",
            "value":""
        },
        {
            "name":"ModelKey",
            "type":"data",
            "value":""
        },
        {
            "name":"mas",
            "type":"data",
            "value":""
        }
    ]
}
