{
    "list":[
        {
            "type":"1",
            "bFlag":"^property^",
            "code":["//~tip~\n@property (nonatomic, strong) ~costomViewName~ *~name~;"]
        },
        {
            "type":"1",
            "bFlag":"^import^",
            "code":["#import \"~costomViewName~.h\""]
        },
        {
            "type":"1",
            "bFlag":"^addSubview^",
            "code":["\t[self~viewType~ addSubview:self.~name~];"]
        },
        {
            "type":"1",
            "bFlag":"^layout^",
            "code":["\n\t[self.~name~ mas_makeConstraints:^(MASConstraintMaker *make) {\n~mas~\n\t}];"]
        },
        {
            "type":"1",
            "bFlag":"^getter^",
            "code":["- (~costomViewName~ *)~name~ {\n\tif (!_~name~){\n\t\t_~name~ = [~costomViewName~ new];\n^paramsSet^\n\t}\n\treturn _~name~;\n}"]
        },
        {
            "type":"2",
            "bFlag":"^ClickProperty^",
            "dependKey":["~tapAction~"],
            "code":["@property (nonatomic, copy) void (^~contextName~~name~ClickBlock)(~ModelClass~ *~viewType~Model);"]
        },
        {
            "type":"2",
            "bFlag":"^paramsSet^",
            "dependKey":["~tapAction~"],
            "code":["\t\t[self addTapAction:_~name~];"],
            "linkedConfig":[
                {
                    "type":"1",
                    "bFlag":"^eventBlock^",
                    "dependKey":["~viewType~"],
                    "code":["\tif (gesture.view == _~name~) {\n\t\tif (self.~contextName~~name~ClickBlock) {\n\t\t\tself.~contextName~~name~ClickBlock(self.~viewType~Model);\n\t\t}\n\t}"],
                    "linkedConfig":[
                        {
                            "type":"1",
                            "bFlag":"^event^",
                            "code" : ["#pragma mark - event\n- (void)addTapAction:(~costomViewName~ *)view {\n    view.userInteractionEnabled = YES;\n    UITapGestureRecognizer *tapGesturRecognizer = [[UITapGestureRecognizer alloc] initWithTarget:self action:@selector(tapAction:)];\n    [view addGestureRecognizer:tapGesturRecognizer];\n}\n- (void)tapAction:(UITapGestureRecognizer *)gesture {\n    NSMutableDictionary *dic = [NSMutableDictionary dictionary];\n    [dic setValue:self.~viewType~Model forKey:@\"data\"];\n^eventBlock^\n}\n"]
                        }
                    ]
                }
            ]
        },
        {
            "type":"2",
            "bFlag":"^setModel^",
            "dependKey":["~ModelKey~"],
            "code":["\tself.~name~.viewModel = entity.~ModelKey~;"]
        }
    ]
}
