{
    "list":[
        {
            "type":"h",
            "code":"\/\/\n\/\/  ~ClassName~.h\n\/\/  ~!AppName~\n\/\/\n\/\/  Created by ~!UserName~ on ~!TIME~\n\/\/\n\n^importH^\n\nNS_ASSUME_NONNULL_BEGIN\n\n@interface ~ClassName~ : NSObject\n\n^property^\n^publicFunc^\n\n@end\n\nNS_ASSUME_NONNULL_END"
        },
        {
            "type":"m",
            "code" : "\/\/\n\/\/  ~ClassName~.m\n\/\/  ~!AppName~\n\/\/\n\/\/  Created by ~!UserName~ on ~!TIME~\n\/\/\n\n#import \"~ClassName~.h\"\n#import \"LJMNewSafeKit.h\"\n#import \"YYModel.h\"\n^import^\n\n@implementation ~ClassName~\n\n^private^\n^getter^\n@end"
        }
    ]
}
