{
  "contexts" : [
    {
      "type" : "ViewContext",
      "params" : "ViewContextStaticParams",
      "info" : "ViewContextStaticInfo"
    },
    {
      "type" : "CellContext",
      "params" : "CellContextStaticParams",
      "info" : "CellContextStaticInfo"
    },
    {
      "type" : "CollectionCellContext",
      "params" : "CollectionCellContextStaticParams",
      "info" : "CollectionCellContextStaticInfo"
    },
    {
      "type" : "HeaderFooterContext",
      "params" : "HeaderFooterContextStaticParams",
      "info" : "HeaderFooterContextStaticInfo"
    },
    {
      "type" : "ApiContext",
      "params" : "ApiContextStaticParams",
      "info" : "ApiContextStaticInfo"
    },
    {
      "type" : "DataManagerContext",
      "params" : "DataManagerContextStaticParams",
      "info" : "DataManagerContextStaticInfo"
    },
    {
      "type" : "ViewControllerContext",
      "params" : "ViewControllerContextStaticParams",
      "info" : "ViewControllerContextStaticInfo"
    },
    {
      "type" : "SectionContext",
      "params" : "SectionContextStaticParams",
      "info" : "SectionContextStaticInfo"
    },
    {
      "type" : "XLFormSection",
      "params" : "XLFormSectionStaticParams",
      "info" : "XLFormSectionStaticInfo"
    },
    {
      "type" : "TrackEvent",
      "params" : "TrackEventStaticParams",
      "info" : "TrackEventStaticInfo"
    },
    {
      "type" : "fluterPage",
      "params" : "fluterPageStaticParams",
      "info" : "fluterPageStaticInfo"
    },
    {
      "type" : "RespondModel",
      "params" : "RespondModelStaticParams",
      "info" : "RespondModelStaticInfo"
    }
  ],
  "components" : [
    {
      "type" : "Label",
      "params" : "LabelStaticParams",
      "info" : "LabelStaticInfo"
    },
    {
      "type" : "Button",
      "params" : "ButtonStaticParams",
      "info" : "ButtonStaticInfo"
    },
    {
      "type" : "Image",
      "params" : "ImageStaticParams",
      "info" : "ImageStaticInfo"
    },
    {
      "type" : "View",
      "params" : "ViewStaticParams",
      "info" : "ViewStaticInfo"
    },
    {
      "type" : "CustomView",
      "params" : "CustomViewStaticParams",
      "info" : "CustomViewStaticInfo"
    },
    {
      "type" : "TableView",
      "params" : "TableViewStaticParams",
      "info" : "TableViewStaticInfo"
    },
    {
      "type" : "oneApi",
      "params" : "oneApiStaticParams",
      "info" : "oneApiStaticInfo"
    },
    {
      "type" : "actionRqData",
      "params" : "actionRqDataStaticParams",
      "info" : "actionRqDataStaticInfo"
    },
    {
      "type" : "section_cell",
      "params" : "section_cellStaticParams",
      "info" : "section_cellStaticInfo"
    },
    {
      "type" : "vc_section",
      "params" : "vc_sectionStaticParams",
      "info" : "vc_sectionStaticInfo"
    },
    {
      "type" : "vc_navBar",
      "params" : "vc_navBarStaticParams",
      "info" : "vc_navBarStaticInfo"
    },
    {
      "type" : "TrackAppClickNoParam",
      "params" : "TrackAppClickNoParamStaticParams",
      "info" : "TrackAppClickNoParamStaticInfo"
    },
    {
      "type" : "布局",
      "params" : "布局StaticParams",
      "info" : "布局StaticInfo"
    },
    {
      "type" : "vc_adapter",
      "params" : "vc_adapterStaticParams",
      "info" : "vc_adapterStaticInfo"
    },
    {
      "type" : "vc_datamanager",
      "params" : "vc_datamanagerStaticParams",
      "info" : "vc_datamanagerStaticInfo"
    },
    {
      "type" : "vc_dataM_request",
      "params" : "vc_dataM_requestStaticParams",
      "info" : "vc_dataM_requestStaticInfo"
    },
    {
      "type" : "flutter_StatelessW",
      "params" : "flutter_StatelessWStaticParams",
      "info" : "flutter_StatelessWStaticInfo"
    },
    {
      "type" : "flutter_label",
      "params" : "flutter_labelStaticParams",
      "info" : "flutter_labelStaticInfo"
    },
    {
      "type" : "AddModel",
      "params" : "AddModelStaticParams",
      "info" : "AddModelStaticInfo"
    }
  ]
}
