{
  "list" : [
    {
      "type" : "h",
      "code" : "\/\/\n\/\/  ~ClassName~.h\n\/\/  ~!AppName~\n\/\/\n\/\/  Created by ~!UserName~ on ~!TIME~\n\/\/\n\n#import \"~RespondModelClass~.h\"\n\nNS_ASSUME_NONNULL_BEGIN\n\n@interface ~ClassName~ : UITableViewHeaderFooterView\n+ (~ClassName~ *)createWithTableView:(UITableView *)tableView;\n@property (nonatomic, strong) ~ModelClass~ *viewModel;\n^ClickProperty^\n@end\n\nNS_ASSUME_NONNULL_END"
    },
    {
      "type" : "m",
      "code" : "\/\/\n\/\/  ~ClassName~.m\n\/\/  ~!AppName~\n\/\/\n\/\/  Created by ~!UserName~ on ~!TIME~\n\/\/\n\n#import \"~ClassName~.h\"\n#import \"LJMNewSafeKit.h\"\r#import \"LJNHResource.h\"\n^import^\n\n@interface ~ClassName~()\n^property^\n@end\n\n@implementation ~ClassName~\n\n+ (~ClassName~ *)createWithTableView:(UITableView *)tableView; {\n    ~ClassName~ *view = [tableView dequeueReusableHeaderFooterViewWithIdentifier:NSStringFromClass(~ClassName~.class)];\n    if (!view){\n        view = [[self alloc] initWithReuseIdentifier:NSStringFromClass(~ClassName~.class)];\n    }\n    return view;\n}\n\n- (instancetype)initWithReuseIdentifier:(nullable NSString *)reuseIdentifier {\n    if (self = [super initWithReuseIdentifier:reuseIdentifier]) {\n^addSubview^\n^layout^\n    }\n    return self;\n}\n\n- (void)setViewModel:(~ModelClass~ *)entity {\n    _viewModel = entity;\n^setModel^\n}\n\n^event^\n^private^\n#pragma mark - getter\n^getter^\n\n@end"
    }
  ]
}