{
  "list" : [
    {
      "name" : "index",
      "type" : "set",
      "value" : ""
    },
    {
      "name" : "tip",
      "type" : "set",
      "value" : ""
    },
    {
      "name" : "name",
      "type" : "set",
      "value" : ""
    },
    {
      "name" : "staticText",
      "type" : "set",
      "value" : ""
    },
    {
      "name" : "type",
      "type" : "static",
      "value" : "LB"
    },
    {
      "name" : "contextName",
      "type" : "parent",
      "value" : ""
    },
    {
      "value" : "",
      "name" : "viewType",
      "type" : "parent",
      "subValues" : [
        {
          "bFlag" : "^addSubview^",
          "value" : {
            "cell" : ".contentView",
            "headerFooter" : ".contentView",
            "collectionCell" : "",
            "view" : ""
          }
        },
        {
          "bFlag" : "^event^",
          "value" : {
            "cell" : "cell",
            "headerFooter" : "view",
            "collectionCell" : "view",
            "view" : "view"
          }
        }
      ]
    },
    {
      "name" : "ModelKey",
      "type" : "data",
      "value" : ""
    },
    {
      "name" : "fontFamily",
      "type" : "set",
      "value" : ""
    },
    {
      "name" : "bold",
      "type" : "set",
      "value" : ""
    },
    {
      "name" : "size",
      "type" : "set",
      "value" : "12"
    },
    {
      "name" : "numberOfLines",
      "type" : "set",
      "value" : ""
    },
    {
      "name" : "textColor",
      "type" : "set",
      "value" : ""
    },
    {
      "name" : "textAlpha",
      "type" : "set",
      "value" : ""
    },
    {
      "name" : "backgroundAlpha",
      "type" : "set",
      "value" : ""
    },
    {
      "name" : "backgroundColor",
      "type" : "set",
      "value" : ""
    },
    {
      "name" : "textAlignment",
      "type" : "set",
      "value" : ""
    },
    {
      "name" : "cornerRadius",
      "type" : "set",
      "value" : ""
    },
    {
      "name" : "masksToBounds",
      "type" : "set",
      "value" : ""
    },
    {
      "name" : "borderAlpha",
      "type" : "set",
      "value" : ""
    },
    {
      "name" : "borderWidth",
      "type" : "set",
      "value" : ""
    },
    {
      "name" : "borderColor",
      "type" : "set",
      "value" : ""
    },
    {
      "name" : "alpha",
      "type" : "set",
      "value" : ""
    },
    {
      "name" : "tapAction",
      "type" : "set",
      "value" : ""
    },
    {
      "name" : "paragraph",
      "type" : "set",
      "value" : ""
    },
    {
      "name" : "mas",
      "type" : "data",
      "value" : ""
    }
  ]
}