{
  "list" : [
    {
      "type" : "1",
      "bFlag" : "^property^",
      "code" : [
        "\/\/~tip~\n@property (nonatomic, strong) UILabel *~name~;"
      ]
    },
    {
      "type" : "1",
      "bFlag" : "^addSubview^",
      "code" : [
        "\t[self~viewType~ addSubview:self.~name~];"
      ]
    },
    {
      "type" : "1",
      "bFlag" : "^layout^",
      "code" : [
        "\n\t[self.~name~ mas_makeConstraints:^(MASConstraintMaker *make) {\n^viewMas^\n\t}];"
      ]
    },
    {
      "code" : [
        "\t[self paragraphStyle:_~name~ text:entity.~ModelKey~];",
        "\tself.~name~.text = entity.~ModelKey~;"
      ],
      "bFlag" : "^setModel^",
      "linkedConfig" : [
        {
          "code" : [
            "- (void)paragraphStyle:(UILabel *)label text:(NSString *)text{\n\tNSMutableParagraphStyle * paragraphStyle = [[NSMutableParagraphStyle alloc] init];\n\tparagraphStyle.lineBreakMode = NSLineBreakByTruncatingTail;\n\t[paragraphStyle setLineSpacing:~paragraph~];\n\tlabel.font = [UIFont systemFontOfSize:16];\n\tNSMutableAttributedString *attributedText = [[NSMutableAttributedString alloc] ljnh_initWithString:text attributes:@{NSFontAttributeName:[UIFont \n\t[attributedText addAttribute:NSParagraphStyleAttributeName value:paragraphStyle range:NSMakeRange(0, [attributedText length])];\n\tlabel.attributedText = attributedText;\n}\n"
          ],
          "type" : "2",
          "dependKey" : [
            "~paragraph~"
          ],
          "bFlag" : "^private^"
        }
      ],
      "type" : "2",
      "dependKey" : [
        "~paragraph~",
        "~ModelKey~"
      ]
    },
    {
      "type" : "1",
      "bFlag" : "^getter^",
      "code" : [
        "- (UILabel *)~name~ {\n\tif (!_~name~){\n\t\t_~name~ = [UILabel new];\n^paramsSet^\n\t}\n\treturn _~name~;\n}"
      ]
    },
    {
      "code" : [
        "\t\t_~name~.font = [UIFont fontWithName:@\"~fontFamily~\" size:~size~.0f];",
        "\t\t_~name~.font = [UIFont boldSystemFontOfSize:~size~];",
        "\t\t_~name~.font = [UIFont systemFontOfSize:~size~];"
      ],
      "type" : "2",
      "dependKey" : [
        "~fontFamily~",
        "~bold~",
        "~size~"
      ],
      "bFlag" : "^paramsSet^"
    },
    {
      "code" : [
        "\t\t_~name~.numberOfLines = ~numberOfLines~;"
      ],
      "type" : "2",
      "dependKey" : [
        "~numberOfLines~"
      ],
      "bFlag" : "^paramsSet^"
    },
    {
      "code" : [
        "\t\t_~name~.text = @\"~staticText~\";"
      ],
      "type" : "2",
      "dependKey" : [
        "~staticText~"
      ],
      "bFlag" : "^paramsSet^"
    },
    {
      "code" : [
        "\t\t_~name~.textColor = UIColorFromRGBA(0x~textColor~, ~textAlpha~);",
        "\t\t_~name~.textColor = UIColorFromRGB(0x~textColor~);"
      ],
      "type" : "2",
      "dependKey" : [
        "~textAlpha~",
        "~textColor~"
      ],
      "bFlag" : "^paramsSet^"
    },
    {
      "code" : [
        "\t\t_~name~.backgroundColor = UIColorFromRGBA(0x~backgroundColor~, ~backgroundAlpha~);",
        "\t\t_~name~.backgroundColor = UIColorFromRGB(0x~backgroundColor~);"
      ],
      "type" : "2",
      "dependKey" : [
        "~backgroundAlpha~",
        "~backgroundColor~"
      ],
      "bFlag" : "^paramsSet^"
    },
    {
      "code" : [
        "\t\t_~name~.textAlignment = NSTextAlignment~textAlignment~;"
      ],
      "type" : "2",
      "dependKey" : [
        "~textAlignment~"
      ],
      "bFlag" : "^paramsSet^"
    },
    {
      "code" : [
        "\t\t_~name~.layer.cornerRadius = ~cornerRadius~;\n\t\t_~name~.layer.masksToBounds = YES;",
        "\t\t_~name~.layer.masksToBounds = ~masksToBounds~;"
      ],
      "type" : "2",
      "dependKey" : [
        "~cornerRadius~",
        "~masksToBounds~"
      ],
      "bFlag" : "^paramsSet^"
    },
    {
      "code" : [
        "\t\t_~name~.layer.borderWidth = ~borderWidth~;\n\t\t_~name~.layer.borderColor = UIColorFromRGBA(0x~borderColor~, ~borderAlpha~).CGColor;",
        "\t\t_~name~.layer.borderWidth = ~borderWidth~;\n\t\t_~name~.layer.borderColor = UIColorFromRGB(0x~borderColor~).CGColor;"
      ],
      "type" : "2",
      "dependKey" : [
        "~borderAlpha~",
        "~borderWidth~"
      ],
      "bFlag" : "^paramsSet^"
    },
    {
      "code" : [
        "\t\t_~name~.alpha = ~alpha~;"
      ],
      "type" : "2",
      "dependKey" : [
        "~alpha~"
      ],
      "bFlag" : "^paramsSet^"
    },
    {
      "code" : [
        "@property (nonatomic, copy) void (^~contextName~~name~ClickBlock)(~ModelClass~ *~viewType~Model);"
      ],
      "type" : "2",
      "dependKey" : [
        "~tapAction~"
      ],
      "bFlag" : "^ClickProperty^"
    },
    {
      "code" : [
        "\t\t[self addTapAction:_~name~];"
      ],
      "bFlag" : "^paramsSet^",
      "linkedConfig" : [
        {
          "code" : [
            "\tif (gesture.view == _~name~) {\n\t\tif (self.~contextName~~name~ClickBlock) {\n\t\t\tself.~contextName~~name~ClickBlock(self.~viewType~Model);\n\t\t}\n\t}"
          ],
          "bFlag" : "^eventBlock^",
          "linkedConfig" : [
            {
              "type" : "1",
              "bFlag" : "^event^",
              "code" : [
                "#pragma mark - event\n- (void)addTapAction:(UIView *)view {\n    view.userInteractionEnabled = YES;\n    UITapGestureRecognizer *tapGesturRecognizer = [[UITapGestureRecognizer alloc] initWithTarget:self action:@selector(tapAction:)];\n    [view addGestureRecognizer:tapGesturRecognizer];\n}\n- (void)tapAction:(UITapGestureRecognizer *)gesture {\n    NSMutableDictionary *dic = [NSMutableDictionary dictionary];\n    [dic setValue:self.~viewType~Model forKey:@\"data\"];\n^eventBlock^\n}\n"
              ]
            }
          ],
          "type" : "1",
          "dependKey" : [
            "~viewType~"
          ]
        }
      ],
      "type" : "2",
      "dependKey" : [
        "~tapAction~"
      ]
    }
  ]
}
