{
    "list":[
        {
            "name":"整体",
            "sub":[
                {
                    "name":"上下左右为0",
                    "url":"",
                    "code":"\t\t\tmake.left.right.top.bottom.mas_equalTo(0);"
                }
            ]
        },
        {
            "name":"第一行",
            "sub":[
                {
                    "url":"oneleft1",
                    "code":"\t\t\tmake.top.mas_equalTo(~top~);\n\t\t\tmake.left.mas_equalTo(~left~);\n\t\t\tmake.right.mas_equalTo(~right~);",
                    "value":{
                        "top":"10",
                        "left":"24",
                        "right":"-24"
                    }
                },
                {
                    "url":"oneleft2",
                    "code":"\t\tmake.top.mas_equalTo(~top~);\n\t\tmake.left.mas_equalTo(~left~);\n\t\tmake.right.mas_equalTo(self.~view~).mas_offset(~offset~);",
                    "value":{
                        "top":"10",
                        "left":"24",
                        "view":"",
                        "offset":"-5"
                    }
                },
                {
                    "url":"oneleft3",
                    "code":"\t\tmake.top.mas_equalTo(~top~);\n\t\tmake.left.mas_equalTo(~left~);\n\t\tmake.right.mas_equalTo(self.~view~).mas_offset(~offset~);\n\t\t[self.~name~ setContentCompressionResistancePriority:UILayoutPriorityRequired forAxis:UILayoutConstraintAxisHorizontal];",
                    "value":{
                        "top":"10",
                        "left":"24",
                        "view":"",
                        "offset":"-5"
                    }
                },
                {
                    "url":"oneRightSolid",
                    "code":"\t\tmake.top.mas_equalTo(~top~);\n\t\tmake.right.mas_equalTo(~right~);\n\t\tmake.width.mas_equalTo(~width~);\n\t\tmake.height.mas_equalTo(~height~);",
                    "value":{
                        "top":"10",
                        "right":"-24",
                        "width":"24",
                        "height":"width"
                    }
                },
                {
                    "url":"oneRightLow",
                    "code":"\t\tmake.top.mas_equalTo(~top~);\n\t\tmake.right.mas_equalTo(self.~view~).mas_offset(~offset~);",
                    "value":{
                        "top":"10",
                        "view":"",
                        "offset":"-5"
                    }
                }
            ]
        },
        {
            "name":"第二行",
            "sub":[
                {
                    "url":"oneleft1",
                    "code":"\t\t\tmake.top.mas_equalTo(~top~);\n\t\t\tmake.left.mas_equalTo(~left~);\n\t\t\tmake.right.mas_equalTo(~right~);",
                    "value":{
                        "top":"10",
                        "left":"24",
                        "right":"-24"
                    }
                }
            ]
        },
        {
            "name":"底部行",
            "sub":[
                {
                    "url":"oneleft1",
                    "code":"\t\t\tmake.top.mas_equalTo(~top~);\n\t\t\tmake.left.mas_equalTo(~left~);\n\t\t\tmake.right.mas_equalTo(~right~);",
                    "value":{
                        "top":"10",
                        "left":"24",
                        "right":"-24"
                    }
                }
            ]
        },
        {
            "name":"水平居中",
            "sub":[
                {
                    "url":"mid_line",
                    "code":"\t\tmake.left.right.mas_equalTo(0);\n\t\tmake.top.mas_equalTo(~top~);\n\t\tmake.height.mas_equalTo(0.5);",
                    "value":{
                        "top":"5"
                    }
                },{
                    "url":"mid_solid",
                    "code":"\t\tmake.left.mas_equalTo(~left~);\n\t\tmake.right.mas_equalTo(~right~);\n\t\tmake.top.mas_equalTo(~top~);\n\t\tmake.height.mas_equalTo(~height~);",
                    "value":{
                        "top":"5",
                        "left":"24",
                        "right":"-24",
                        "height":"25"
                    }
                },{
                    "url":"mid_text",
                    "code":"\t\tmake.left.mas_equalTo(~left~);\n\t\tmake.right.mas_equalTo(~right~);\n\t\tmake.top.mas_equalTo(~top~);",
                    "value":{
                        "top":"5",
                        "left":"24",
                        "right":"-24"
                    }
                }
            ]
        }
    ]
}
