{
    "list":[
        {
            "type":"1",
            "bFlag":"^apis^",
            "code":["@interface ~name~ : LJNewBaseAPI\n^propertySet^\n@end"]
        },
        {
            "type":"1",
            "bFlag":"^apisImp^",
            "code":["@implementation ~name~\n\n- (NSString *)targetPath {\n    return @\"\/newhouse\/~path~\";\n}\n\n- (NSMutableDictionary *)params {\n    NSMutableDictionary *params = [NSMutableDictionary new];\n^paramsSet^\n    return params;\n}\n\n- (LJNHTTPMethod)method {\n    return ~method~;\n}\n\n@end"]
        },
        {
            "type":"2",
            "bFlag":"^paramsSet^",
            "dependKey":["~paramArr~"],
            "code":["\t[params ljnh_setObject:self.~value0~?:@\"\" forKey:@\"~value1~\"];\n", "\t[params ljnh_setObject:@(self.~value0~) forKey:@\"~value1~\"];\n"]
        },
        {
            "type":"2",
            "bFlag":"^propertySet^",
            "dependKey":["~paramArr~"],
            "code":["@property(nonatomic, copy) NSString *~value0~;\n", "@property(nonatomic, assign) NSInteger ~value0~;\n"]
        }
    ]
}
