{
    "list":[
        {
            "name":"tip",
            "type":"set",
            "value":""
        },
        {
            "name":"name",
            "type":"set",
            "value":""
        },
        {
            "name":"path",
            "type":"set",
            "value":"path"
        },
        {
            "name":"method",
            "type":"set",
            "value":"LJNHTTPMethodGET"
        },
        {
            "name":"paramArr",
            "type":"ArrSet_hasCodeIdx",
            "value":"pKey:sKey^_^pKey1:sKey1"
        }
    ]
}
