{
  "subItems" : [
    {
      "subItems" : [
        {
          "subItems" : [
            {
              "code" : {
                "ClassName" : "LJNHTestViewController"
              },
              "valueToSet" : 0,
              "type" : "ViewControllerContext",
              "selectedIndex" : 0,
              "name" : "ViewController",
              "multi" : 0,
              "components" : [

              ]
            },
            {
              "code" : {
                "ClassName" : "LJNHTestApi"
              },
              "valueToSet" : 0,
              "type" : "ApiContext",
              "selectedIndex" : 0,
              "name" : "Api",
              "multi" : 0,
              "components" : [

              ]
            },
            {
              "code" : {
                "ClassName" : "LJNHTestDataManager"
              },
              "valueToSet" : 0,
              "type" : "DataManagerContext",
              "selectedIndex" : 0,
              "name" : "DataManager",
              "multi" : 0,
              "components" : [

              ]
            },
            {
              "code" : {
                "ClassName" : "LJNHTestSection",
                "vcName" : "LJNHTestViewController"
              },
              "valueToSet" : 0,
              "type" : "SectionContext",
              "selectedIndex" : 0,
              "name" : "Section",
              "multi" : 0,
              "components" : [

              ]
            },
            {
              "code" : {
                "ModelClass" : "LJNHTestViewModel",
                "viewType" : "cell",
                "RespondModelClass" : "LJNHTestRespondModel",
                "ClassName" : "LJNHTestView"
              },
              "valueToSet" : 0,
              "type" : "CellContext",
              "selectedIndex" : 0,
              "name" : "Cell",
              "multi" : 0,
              "components" : [

              ]
            }
          ],
          "valueToSet" : 0,
          "type" : "MVCS",
          "selectedIndex" : 0,
          "name" : "MVCS",
          "multi" : 1
        },
        {
          "code" : {
            "module" : "module",
            "RespondModelClass" : "RespondModelClass",
            "contextName" : "contextName",
            "ClassName" : "ClassNameForViewContext",
            "ModelClass" : "ModelClass",
            "viewType" : "viewType",
            "TestP" : "testP",
            "test1" : "11fefefe"
          },
          "valueToSet" : 0,
          "type" : "ViewContext",
          "selectedIndex" : 0,
          "name" : "View",
          "multi" : 0,
          "components" : [

          ]
        },
        {
          "code" : {
            "contextName" : "contextName",
            "ModelClass" : "ModelClass",
            "viewType" : "viewType",
            "RespondModelClass" : "RespondModelClass",
            "ClassName" : "ClassNameForCellContext"
          },
          "valueToSet" : 0,
          "type" : "CellContext",
          "selectedIndex" : 0,
          "name" : "Cell",
          "multi" : 0,
          "components" : [

          ]
        },
        {
          "code" : {
            "contextName" : "contextName",
            "ClassName" : "ClassNameForCollectionCellContext",
            "viewType" : "viewType",
            "RespondModelClass" : "RespondModelClass",
            "ModelClass" : "ModelClass"
          },
          "valueToSet" : 0,
          "type" : "CollectionCellContext",
          "selectedIndex" : 0,
          "name" : "Collection",
          "multi" : 0,
          "components" : [

          ]
        },
        {
          "code" : {
            "contextName" : "contextName",
            "ClassName" : "ClassNameForHeaderFooterContext",
            "viewType" : "viewType",
            "RespondModelClass" : "RespondModelClass",
            "ModelClass" : "ModelClass"
          },
          "valueToSet" : 0,
          "type" : "HeaderFooterContext",
          "selectedIndex" : 0,
          "name" : "HeaderFooter",
          "multi" : 0,
          "components" : [

          ]
        },
        {
          "code" : {
            "ClassName" : "LJNHTestApi"
          },
          "valueToSet" : 0,
          "type" : "ApiContext",
          "selectedIndex" : 0,
          "name" : "Api",
          "multi" : 0,
          "components" : [

          ]
        },
        {
          "code" : {
            "ClassName" : "LJNHTestDataManager"
          },
          "valueToSet" : 0,
          "type" : "DataManagerContext",
          "selectedIndex" : 0,
          "name" : "DataManager",
          "multi" : 0,
          "components" : [

          ]
        },
        {
          "code" : {
            "ClassName" : "ClassNameForViewControllerContext"
          },
          "valueToSet" : 0,
          "type" : "ViewControllerContext",
          "selectedIndex" : 0,
          "name" : "ViewController",
          "multi" : 0,
          "components" : [

          ]
        },
        {
          "code" : {
            "ClassName" : "LJNHTestSection",
            "vcName" : "LJNHTestViewController"
          },
          "valueToSet" : 0,
          "type" : "SectionContext",
          "selectedIndex" : 0,
          "name" : "Section",
          "multi" : 0,
          "components" : [

          ]
        },
        {
          "code" : {
            "ClassName" : "LJNHTestFormSection"
          },
          "valueToSet" : 0,
          "type" : "XLFormSection",
          "selectedIndex" : 0,
          "name" : "XLFormSection",
          "multi" : 0,
          "components" : [

          ]
        },
        {
          "code" : {
            "ClassNamePure" : "ClassNamePure",
            "schema" : "schema",
            "ClassName" : "+Related"
          },
          "subItems" : [

          ],
          "valueToSet" : 0,
          "type" : "TrackEvent",
          "selectedIndex" : 0,
          "name" : "TrackEvent",
          "multi" : 0,
          "components" : [

          ]
        },
        {
          "code" : {
            "ClassName" : "ClassName"
          },
          "subItems" : [

          ],
          "valueToSet" : 0,
          "type" : "fluterPage",
          "selectedIndex" : 0,
          "name" : "fluterPage",
          "multi" : 0,
          "components" : [

          ]
        },
        {
          "code" : {
            "ClassName" : "ClassName"
          },
          "subItems" : [

          ],
          "valueToSet" : 0,
          "type" : "RespondModel",
          "selectedIndex" : 0,
          "name" : "RespondModel",
          "multi" : 0,
          "components" : [

          ]
        }
      ],
      "valueToSet" : 0,
      "selectedIndex" : 0,
      "name" : "contexts",
      "multi" : 0
    },
    {
      "subItems" : [
        {
          "subItems" : [
            {
              "code" : {
                "tip" : "背景",
                "name" : "bg",
                "backgroundColor" : "ffff00"
              },
              "url" : "",
              "valueToSet" : 0,
              "type" : "View",
              "selectedIndex" : 0,
              "name" : "纯色View",
              "multi" : 0,
              "components" : [

              ]
            },
            {
              "code" : {
                "backgroundColor" : "ffff00",
                "name" : "bg",
                "tip" : "背景",
                "backgroundAlpha" : "0.8"
              },
              "url" : "",
              "valueToSet" : 0,
              "type" : "View",
              "selectedIndex" : 0,
              "name" : "半透明View",
              "multi" : 0,
              "components" : [

              ]
            },
            {
              "code" : {
                "borderColor" : "ff0fff",
                "tip" : "背景",
                "backgroundColor" : "ffff00",
                "name" : "bg",
                "cornerRadius" : "5",
                "borderWidth" : "0.4"
              },
              "url" : "",
              "valueToSet" : 0,
              "type" : "View",
              "selectedIndex" : 0,
              "name" : "圆角",
              "multi" : 0,
              "components" : [

              ]
            },
            {
              "code" : {
                "tapAction" : "1",
                "backgroundColor" : "ffff00",
                "name" : "bg",
                "tip" : "背景"
              },
              "url" : "",
              "valueToSet" : 0,
              "type" : "View",
              "selectedIndex" : 0,
              "name" : "可点击View",
              "multi" : 0,
              "components" : [

              ]
            }
          ],
          "valueToSet" : 0,
          "type" : "View",
          "selectedIndex" : 0,
          "name" : "View",
          "multi" : 0
        },
        {
          "subItems" : [
            {
              "code" : {
                "size" : "16",
                "textColor" : "ff00ff",
                "name" : "title",
                "tip" : "标题",
                "staticText" : "默认文字"
              },
              "url" : "",
              "valueToSet" : 0,
              "type" : "Label",
              "selectedIndex" : 0,
              "name" : "静态文本",
              "multi" : 0,
              "components" : [

              ]
            },
            {
              "code" : {
                "size" : "16",
                "textColor" : "ff00ff",
                "name" : "title",
                "tip" : "标题"
              },
              "url" : "",
              "valueToSet" : 0,
              "type" : "Label",
              "selectedIndex" : 0,
              "name" : "设值文本",
              "multi" : 0,
              "components" : [

              ]
            }
          ],
          "valueToSet" : 0,
          "type" : "Label",
          "selectedIndex" : 0,
          "name" : "Label",
          "multi" : 0
        },
        {
          "subItems" : [
            {
              "code" : {
                "tapAction" : "1",
                "backgroundColor" : "ffffff",
                "name" : "name",
                "tip" : "tip",
                "text" : "text"
              },
              "url" : "",
              "valueToSet" : 0,
              "type" : "Button",
              "selectedIndex" : 0,
              "name" : "纯背景色带文字",
              "multi" : 0,
              "components" : [

              ]
            },
            {
              "code" : {
                "tip" : "确认",
                "tapAction" : "1",
                "borderWidth" : "0.5",
                "text" : "text",
                "cornerRadius" : "5",
                "borderColor" : "ff0fff",
                "name" : "ok",
                "backgroundColor" : "ffffff"
              },
              "url" : "",
              "valueToSet" : 0,
              "type" : "Button",
              "selectedIndex" : 0,
              "name" : "带边框带文字",
              "multi" : 0,
              "components" : [

              ]
            },
            {
              "code" : {
                "tapAction" : "1",
                "img" : "unkown",
                "name" : "ok",
                "tip" : "确认"
              },
              "url" : "",
              "valueToSet" : 0,
              "type" : "Button",
              "selectedIndex" : 0,
              "name" : "图片按钮",
              "multi" : 0,
              "components" : [

              ]
            },
            {
              "code" : {
                "tapAction" : "1",
                "img" : "unkown",
                "name" : "ok",
                "tip" : "确认",
                "text" : "text"
              },
              "url" : "",
              "valueToSet" : 0,
              "type" : "Button",
              "selectedIndex" : 0,
              "name" : "图片和文字按钮",
              "multi" : 0,
              "components" : [

              ]
            }
          ],
          "valueToSet" : 0,
          "type" : "Button",
          "selectedIndex" : 0,
          "name" : "Button",
          "multi" : 0
        },
        {
          "subItems" : [
            {
              "code" : {
                "tip" : "图片",
                "name" : "icon",
                "img" : "unkown"
              },
              "url" : "",
              "valueToSet" : 0,
              "type" : "Image",
              "selectedIndex" : 0,
              "name" : "默认",
              "multi" : 0,
              "components" : [

              ]
            },
            {
              "code" : {
                "img" : "unkown",
                "name" : "icon",
                "tip" : "图片",
                "cornerRadius" : "5"
              },
              "url" : "",
              "valueToSet" : 0,
              "type" : "Image",
              "selectedIndex" : 0,
              "name" : "圆角",
              "multi" : 0,
              "components" : [

              ]
            }
          ],
          "valueToSet" : 0,
          "type" : "Image",
          "selectedIndex" : 0,
          "name" : "Image",
          "multi" : 0
        },
        {
          "subItems" : [
            {
              "code" : {
                "tapAction" : "1",
                "name" : "bg",
                "tip" : "背景",
                "costomViewName" : "MyCustomTestView"
              },
              "url" : "",
              "valueToSet" : 0,
              "type" : "CustomView",
              "selectedIndex" : 0,
              "name" : "默认",
              "multi" : 0
            }
          ],
          "valueToSet" : 0,
          "type" : "CustomView",
          "selectedIndex" : 0,
          "name" : "CustomView",
          "multi" : 0
        },
        {
          "subItems" : [
            {
              "code" : {
                "tip" : "列表",
                "cellModel" : "",
                "cellView" : ""
              },
              "url" : "",
              "valueToSet" : 0,
              "type" : "TableView",
              "selectedIndex" : 0,
              "name" : "默认",
              "multi" : 0
            }
          ],
          "valueToSet" : 0,
          "type" : "TableView",
          "selectedIndex" : 0,
          "name" : "TableView",
          "multi" : 0
        },
        {
          "subItems" : [
            {
              "code" : {
                "path" : "path",
                "method" : "LJNHTTPMethodGET",
                "useCache" : "NO",
                "name" : "LJNHTestOneApi",
                "paramArr" : "0:pKey:sKey_1:pKey1:sKey"
              },
              "url" : "",
              "valueToSet" : 0,
              "type" : "oneApi",
              "selectedIndex" : 0,
              "name" : "Get",
              "multi" : 0
            },
            {
              "code" : {
                "path" : "path",
                "method" : "LJNHTTPMethodPOST",
                "useCache" : "NO",
                "name" : "LJNHTestOneApi",
                "paramArr" : "0:pKey:sKey_1:pKey1:sKey"
              },
              "url" : "",
              "valueToSet" : 0,
              "type" : "oneApi",
              "selectedIndex" : 0,
              "name" : "POST",
              "multi" : 0
            }
          ],
          "valueToSet" : 0,
          "type" : "oneApi",
          "selectedIndex" : 0,
          "name" : "创建一个Api",
          "multi" : 0
        },
        {
          "subItems" : [
            {
              "code" : {
                "ModelClass" : "TestRespondModel",
                "name" : "LJNHTestOneApi",
                "paramArr" : "0:pKey_1:pKey1",
                "ModelName" : "respondModel"
              },
              "url" : "",
              "valueToSet" : 0,
              "type" : "actionRqData",
              "selectedIndex" : 0,
              "name" : "默认",
              "multi" : 0
            }
          ],
          "valueToSet" : 0,
          "type" : "actionRqData",
          "selectedIndex" : 0,
          "name" : "添加Api请求逻辑",
          "multi" : 0
        },
        {
          "subItems" : [
            {
              "code" : {
                "name" : "LJNHTestCell"
              },
              "url" : "",
              "valueToSet" : 0,
              "type" : "section_cell",
              "selectedIndex" : 0,
              "name" : "默认",
              "multi" : 0
            }
          ],
          "valueToSet" : 0,
          "type" : "section_cell",
          "selectedIndex" : 0,
          "name" : "section添加cell",
          "multi" : 0
        },
        {
          "subItems" : [
            {
              "code" : {
                "path" : "list",
                "alias" : "test",
                "isArr" : "1",
                "name" : "LJNHTestSection"
              },
              "url" : "",
              "valueToSet" : 0,
              "type" : "vc_section",
              "selectedIndex" : 0,
              "name" : "默认",
              "multi" : 0
            }
          ],
          "valueToSet" : 0,
          "type" : "vc_section",
          "selectedIndex" : 0,
          "name" : "vc添加section",
          "multi" : 0
        },
        {
          "subItems" : [
            {
              "code" : {
                "title" : "title",
                "rightImg" : "rightItemImg",
                "funcName" : "rightItemAction"
              },
              "url" : "",
              "valueToSet" : 0,
              "type" : "vc_navBar",
              "selectedIndex" : 0,
              "name" : "有返回按钮，标题，右按钮为图片",
              "multi" : 0,
              "components" : [

              ]
            },
            {
              "code" : {

              },
              "url" : "",
              "valueToSet" : 0,
              "type" : "vc_navBar",
              "selectedIndex" : 0,
              "name" : "只有返回按钮",
              "multi" : 0,
              "components" : [

              ]
            },
            {
              "code" : {
                "title" : "title"
              },
              "valueToSet" : 0,
              "type" : "vc_navBar",
              "selectedIndex" : 0,
              "name" : "有返回按钮有title",
              "multi" : 0,
              "components" : [

              ]
            }
          ],
          "valueToSet" : 0,
          "type" : "vc_navBar",
          "selectedIndex" : 0,
          "name" : "vc添加navbar",
          "multi" : 0
        },
        {
          "subItems" : [
            {
              "code" : {
                "tip" : "tip",
                "code" : "code"
              },
              "valueToSet" : 0,
              "type" : "TrackAppClickNoParam",
              "selectedIndex" : 0,
              "name" : "default",
              "multi" : 0
            },
            {
              "code" : {
                "tip" : "tip",
                "schema" : "self.lj_urlSchema",
                "code" : "code"
              },
              "valueToSet" : 0,
              "type" : "TrackAppClickNoParam",
              "selectedIndex" : 0,
              "name" : "特别的schema",
              "multi" : 0
            }
          ],
          "valueToSet" : 0,
          "type" : "TrackAppClickNoParam",
          "selectedIndex" : 0,
          "name" : "TrackAppClickNoParam",
          "multi" : 0
        },
        {
          "subItems" : [
            {
              "code" : {
                "top" : "15",
                "left" : "15"
              },
              "valueToSet" : 0,
              "type" : "布局",
              "selectedIndex" : 0,
              "name" : "top_left",
              "multi" : 0,
              "components" : [

              ]
            },
            {
              "code" : {
                "topView" : "topView",
                "leftView" : "leftView",
                "leftOffset" : "5"
              },
              "valueToSet" : 0,
              "type" : "布局",
              "selectedIndex" : 0,
              "name" : "topEq_LeftToView",
              "multi" : 0,
              "components" : [

              ]
            },
            {
              "code" : {
                "topView" : "topView",
                "leftView" : "leftView",
                "topOffset" : "10"
              },
              "valueToSet" : 0,
              "type" : "布局",
              "selectedIndex" : 0,
              "name" : "LeftEq_topToView",
              "multi" : 0,
              "components" : [

              ]
            },
            {
              "code" : {
                "top" : "24",
                "height" : "80",
                "right" : "-24",
                "left" : "24"
              },
              "valueToSet" : 0,
              "type" : "布局",
              "selectedIndex" : 0,
              "name" : "left_top_right_height",
              "multi" : 0,
              "components" : [

              ]
            },
            {
              "code" : {
                "right" : "-24",
                "top" : "24"
              },
              "valueToSet" : 0,
              "type" : "布局",
              "selectedIndex" : 0,
              "name" : "right_top",
              "multi" : 0,
              "components" : [

              ]
            },
            {
              "code" : {
                "top" : "4",
                "width" : "35",
                "right" : "-24",
                "height" : "35"
              },
              "valueToSet" : 0,
              "type" : "布局",
              "selectedIndex" : 0,
              "name" : "right_top_w_h",
              "multi" : 0,
              "components" : [

              ]
            },
            {
              "code" : {
                "rightOffset" : "0",
                "rightView" : "rightView",
                "top" : "24",
                "width" : "35",
                "height" : "35"
              },
              "valueToSet" : 0,
              "type" : "布局",
              "selectedIndex" : 0,
              "name" : "rightToView_top_w_h",
              "multi" : 0,
              "components" : [

              ]
            },
            {
              "code" : {
                "centerXView" : "centerXView",
                "centerYOffset" : "0",
                "centerXOffset" : "0",
                "centerYView" : "centerYView"
              },
              "valueToSet" : 0,
              "type" : "布局",
              "selectedIndex" : 0,
              "name" : "centerYToView_centerXToView",
              "multi" : 0,
              "components" : [

              ]
            },
            {
              "code" : {
                "left" : "12",
                "top" : "14",
                "right" : "-12",
                "bottom" : "0"
              },
              "valueToSet" : 0,
              "type" : "布局",
              "selectedIndex" : 0,
              "name" : "上下左右",
              "multi" : 0,
              "components" : [

              ]
            },
            {
              "code" : {
                "bottom" : "-24",
                "height" : "45",
                "right" : "-24",
                "left" : "24"
              },
              "valueToSet" : 0,
              "type" : "布局",
              "selectedIndex" : 0,
              "name" : "上下右_固高",
              "multi" : 0,
              "components" : [

              ]
            }
          ],
          "valueToSet" : 0,
          "type" : "布局",
          "selectedIndex" : 0,
          "name" : "布局",
          "multi" : 0
        },
        {
          "subItems" : [
            {
              "valueToSet" : 0,
              "type" : "vc_adapter",
              "selectedIndex" : 0,
              "name" : "默认",
              "multi" : 0,
              "components" : [

              ]
            },
            {
              "code" : {
                "backgroundColor" : "F1F1F1",
                "tabViewBgColor" : "F1F1F1"
              },
              "valueToSet" : 0,
              "type" : "vc_adapter",
              "selectedIndex" : 0,
              "name" : "带背景色",
              "multi" : 0,
              "components" : [

              ]
            }
          ],
          "valueToSet" : 0,
          "type" : "vc_adapter",
          "selectedIndex" : 0,
          "name" : "vc_adapter",
          "multi" : 0
        },
        {
          "subItems" : [
            {
              "code" : {
                "dataManagerName" : "dataManagerName"
              },
              "valueToSet" : 0,
              "type" : "vc_datamanager",
              "selectedIndex" : 0,
              "name" : "default",
              "multi" : 0,
              "components" : [

              ]
            }
          ],
          "valueToSet" : 0,
          "type" : "vc_datamanager",
          "selectedIndex" : 0,
          "name" : "vc_datamanager",
          "multi" : 0
        },
        {
          "subItems" : [
            {
              "code" : {
                "paramArr" : "paramArr"
              },
              "valueToSet" : 0,
              "type" : "vc_dataM_request",
              "selectedIndex" : 0,
              "name" : "默认",
              "multi" : 0,
              "components" : [

              ]
            }
          ],
          "valueToSet" : 0,
          "type" : "vc_dataM_request",
          "selectedIndex" : 0,
          "name" : "vc_dataM_request",
          "multi" : 0
        },
        {
          "subItems" : [
            {
              "code" : {
                "className" : "TestSLPage"
              },
              "valueToSet" : 0,
              "type" : "flutter_StatelessW",
              "selectedIndex" : 0,
              "name" : "default",
              "multi" : 0,
              "components" : [

              ]
            }
          ],
          "valueToSet" : 0,
          "type" : "flutter_StatelessW",
          "selectedIndex" : 0,
          "name" : "flutter_StatelessW",
          "multi" : 0
        },
        {
          "subItems" : [
            {
              "code" : {
                "text" : "Hello World"
              },
              "valueToSet" : 0,
              "type" : "flutter_label",
              "selectedIndex" : 0,
              "name" : "default",
              "multi" : 0,
              "components" : [

              ]
            }
          ],
          "valueToSet" : 0,
          "type" : "flutter_label",
          "selectedIndex" : 0,
          "name" : "flutter_label",
          "multi" : 0
        },
        {
          "subItems" : [

          ],
          "valueToSet" : 0,
          "type" : "AddModel",
          "selectedIndex" : 0,
          "name" : "AddModel",
          "multi" : 0
        }
      ],
      "valueToSet" : 0,
      "selectedIndex" : 0,
      "name" : "components",
      "multi" : 0
    }
  ],
  "valueToSet" : 0,
  "selectedIndex" : 0,
  "name" : "data",
  "multi" : 0
}
