{
    "list":[
        {
            "type":"h",
            "code" : "\/\/\n\/\/  ~ClassName~.h\n\/\/  ~!AppName~\n\/\/\n\/\/  Created by ~!UserName~ on ~!TIME~\n\/\/\n\n#import \"LJMNewBaseSection.h\"\n#import \"~vcName~.h\"\n\nNS_ASSUME_NONNULL_BEGIN\n\n@interface ~ClassName~ : LJMNewBaseSection\n@property(nonatomic, weak) ~vcName~ *viewController;\n@end\n\nNS_ASSUME_NONNULL_END"
        },
        {
            "type":"m",
            "code" : "\/\/\n\/\/  ~ClassName~.m\n\/\/  ~!AppName~\n\/\/\n\/\/  Created by ~!UserName~ on ~!TIME~\n\/\/\n\n#import \"~ClassName~.h\"\n#import \"LJMNewSafeKit.h\"\n^import^\n\n@interface ~ClassName~()\n^property^\n@end\n\n@implementation ~ClassName~\n\n- (void)registCellWithTableView:(UITableView *)tableView {\n    ^regist^\n}\n\n^private^\n\n@end"
        }
    ]
}
