{
    "list":[
        {
            "type":"1",
            "bFlag":"^property^",
            "code":["//~tip~\n@property(nonatomic, strong) UITableView *tableView;\n@property(nonatomic, copy) NSArray *listData;"]
        },
        {
            "type":"1",
            "bFlag":"^addSubview^",
            "code":["\t[self~viewType~ addSubview:self.tableView];"]
        },
        {
            "type":"1",
            "bFlag":"^layout^",
            "code":["\n\t\t[self.tableView mas_makeConstraints:^(MASConstraintMaker *make) {\n~mas~\n\t}];"]
        },
        {
            "type":"1",
            "bFlag":"^getter^",
            "code":["- (UITableView *)tableView {\n    if (!_tableView) {\n        _tableView  = [[UITableView alloc] init];\n        _tableView.delegate = self;\n        _tableView.dataSource = self;\n        _tableView.separatorStyle = UITableViewCellSeparatorStyleNone;\n    }\n    return _tableView;\n}"]
        },
        {
            "type":"1",
            "bFlag":"^private^",
            "code" : ["#pragma mark - UITableViewDelegate, UITableViewDataSource\n- (NSInteger)numberOfSectionsInTableView:(UITableView *)tableView {\n    return 1;\n}\n\n- (NSInteger)tableView:(UITableView *)tableView numberOfRowsInSection:(NSInteger)section {\n    return self.listData.count;\n}\n\n- (CGFloat)tableView:(UITableView *)tableView heightForRowAtIndexPath:(NSIndexPath *)indexPath {\n    ~cellModel~ *cellModel = [self cellModelForRowAtIndexPath:indexPath.row];\n    return cellModel.viewHeight;\n}\n\n- (UITableViewCell *)tableView:(UITableView *)tableView cellForRowAtIndexPath:(NSIndexPath *)indexPath {\n    ~cellView~ *cell =  [tableView dequeueReusableCellWithIdentifier:NSStringFromClass([~cellView~ class])];\n    if (!cell) {\n        cell = [[~cellView~ alloc] initWithStyle:UITableViewCellStyleDefault reuseIdentifier:NSStringFromClass([~cellView~ class])];\n    }\n    cell.cellModel = cellModel;\n    return cell;\n}\n\n- (void)tableView:(UITableView *)tableView didSelectRowAtIndexPath:(NSIndexPath *)indexPath {\n    ~cellModel~ *cellModel = [self cellModelForRowAtIndexPath:indexPath.row];\n    \/\/点击Cell\n}\n\n- (~cellModel~ *)cellModelForRowAtIndexPath:(NSInteger)index {\n    if (self.listData.count > index) {\n        ~cellModel~ *cellModel = [self.listData objectAtIndex:index];\n        return cellModel;\n    }\n    return nil;\n}"]
        },
        {
            "type":"2",
            "bFlag":"^setModel^",
            "dependKey":["~ModelKey~"],
            "code":["self.listData = entity.~ModelKey~;\n[self.tableView reloadData];"]
        }
    ]
}
