{
  "list" : [
    {
      "type" : "h",
      "code" : "\/\/\n\/\/  ~ClassName~.h\n\/\/  ~!AppName~fefe\n\/\/\n\/\/  Created by ~!UserName~ on ~!TIME~\n\/\/\n\n#import \"~ClassName~.h\"\n\nNS_ASSUME_NONNULL_BEGIN\n\n@interface ~ClassNamePure~ (Related)\r\r\n^publicFunc^\r\r\n@end\n\nNS_ASSUME_NONNULL_END"
    },
    {
      "type" : "m",
      "code" : "\/\/\n\/\/  ~ClassName~.m\n\/\/  ~!AppName~\n\/\/\n\/\/  Created by ~!UserName~ on ~!TIME~\n\/\/\n\n#import \"~ClassName~.h\"\n#import \"LJMNewEventTrack+Luopan.h\"\n\n@implementation ~ClassNamePure~ (Related)\n\n- (NSString *)lj_urlSchema {\n    return @\"~schema~\";\n}\n\r^private^\r\r\n@end\n"
    }
  ]
}
