{
  "list" : [
    {
      "type" : "1",
      "bFlag" : "^property^",
      "code" : [
        "@property(nonatomic, strong) LJMNewTableViewAdapter *adapter;\n@property(nonatomic, strong) UITableView *tableView;"
      ]
    },
    {
      "code" : [
        "    self.view.backgroundColor = [UIColor lj_colorWithHexString:@\"~backgroundColor~\"];"
      ],
      "type" : "2",
      "dependKey" : [
        "~backgroundColor~"
      ],
      "bFlag" : "^addSubview^"
    },
    {
      "bFlag" : "^addSubview^",
      "type" : "1",
      "code" : [
        "    [self.view addSubview:self.tableView];\n    [self.tableView mas_makeConstraints:^(MASConstraintMaker *make) {\n        make.edges.mas_equalTo(0);\n    }];"
      ]
    },
    {
      "type" : "1",
      "bFlag" : "^getter^",
      "code" : [
        "- (UITableView *)tableView {\n    if (!_tableView){\n        _tableView = [[UITableView alloc] initWithFrame:CGRectZero style:UITableViewStylePlain];\n        if (@available(iOS 11.0, *)) {\n            _tableView.contentInsetAdjustmentBehavior = UIScrollViewContentInsetAdjustmentNever;\n        } else {\n            self.automaticallyAdjustsScrollViewInsets = NO;\n        }\n        _tableView.showsVerticalScrollIndicator = NO;\n        _tableView.backgroundColor = UIColorFromRGB(0x~tabViewBgColor~);;\n        _tableView.separatorStyle = UITableViewCellSeparatorStyleNone;\n        _tableView.estimatedRowHeight = UITableViewAutomaticDimension;\n        _tableView.estimatedSectionFooterHeight = UITableViewAutomaticDimension;\n        _tableView.estimatedSectionHeaderHeight = UITableViewAutomaticDimension;\n    }\n    return _tableView;\n}\n\n- (LJMNewTableViewAdapter *)adapter {\n    if (!_adapter) {\n        _adapter = [[LJMNewTableViewAdapter alloc] initWithTableView:self.tableView containerVC:self];\n    }\n    return _adapter;\n}"
      ]
    },
    {
      "type" : "1",
      "bFlag" : "^import^",
      "code" : [
        "#import \"LJMNewTableViewAdapter.h\""
      ]
    }
  ]
}