{
  "list" : [
    {
      "type" : "1",
      "bFlag" : "^requestBlock^",
      "code" : [
        "    @weakify(self);\n    [[LJProgressHUDHelper getInstance] showWithStatus:@\"正在加载\" onView:self.view];\n^doRequestReadyParams^\n    [self.dataManager loadDataWith^doRequestParams^ complete:^(BOOL validData, NSError *error) {\n        @strongify(self);\n        [self dismissNoDataView];\n        if (validData) {\n            [self configSection];\n        }else {\n            NSInteger errorCode = 0;\n            errorCode = error?error.code:0;\n            [self showNoDataViewInView:self.view withErrorCode:errorCode withClickBlock:^{\n              @strongify(self);\n              [self requestData];\n            }];\n        }\n        [[LJProgressHUDHelper getInstance] dismissOnView:self.view];\n    }];"
      ]
    },
    {
      "code" : [
        "~value0~:~value0~ ",
        "~value0~:~value0~ "
      ],
      "type" : "2",
      "dependKey" : [
        "~paramArr~"
      ],
      "bFlag" : "^doRequestParams^"
    },
    {
      "code" : [
        "    NSString *~value0~ = @\"~value0~\";\r",
        "    NSInteger ~value0~ = 1;"
      ],
      "type" : "2",
      "dependKey" : [
        "~paramArr~"
      ],
      "bFlag" : "^doRequestReadyParams^"
    }
  ]
}