{
  "list" : [
    {
      "type" : "1",
      "bFlag" : "^import^",
      "code" : [
        "#import \"~dataManagerName~.h\""
      ]
    },
    {
      "type" : "1",
      "bFlag" : "^property^",
      "code" : [
        "@property(nonatomic, strong) ~dataManagerName~ *dataManager;"
      ]
    },
    {
      "bFlag" : "^viewDidLoad^",
      "type" : "1",
      "code" : [
        "    [self requestData];\n"
      ]
    },
    {
      "bFlag" : "^getter^",
      "type" : "1",
      "code" : [
        "- (~dataManagerName~ *)dataManager {\n    if (!_dataManager) {\n        _dataManager = [[~dataManagerName~ alloc] init];\n    }\n    return _dataManager;\n}"
      ]
    },
    {
      "type" : "1",
      "bFlag" : "^private^",
      "code" : [
        "#pragma mark - request\r- (void)requestData {\n^requestBlock^\n}"
      ]
    }
  ]
}