{
  "list" : [
    {
      "code" : [
        "[self createBackBarItemWithTitle:@\"~title~\" buttonTitle:STRING_BACK];\n    [self ljnew_setRightItemWithNormalImageName:@\"~rightImg~\"\n                              selectedImageName:@\"~rightImg~\"\n                                         target:self\n                                         action:@selector(~funcName~)\n                                        tipView:nil];",
        "[self createBackBarItemWithTitle:@\"~title~\" buttonTitle:STRING_BACK];",
        "[self createBackBarItemWithTitle:@\"\" buttonTitle:STRING_BACK];"
      ],
      "type" : "2",
      "dependKey" : [
        "~rightImg~",
        "~title~"
      ],
      "bFlag" : "^setUpNav^"
    },
    {
      "type" : "1",
      "bFlag" : "^import^",
      "code" : [
        "#import \"UIViewController+BarItem.h\""
      ]
    },
    {
      "code" : [
        "- (void)~funcName~ \r{\r   ^funcBlock^\r\r}"
      ],
      "type" : "2",
      "dependKey" : [
        "~rightImg~"
      ],
      "bFlag" : "^private^"
    }
  ]
}