{
    "list":[
        {
            "type":"1",
            "bFlag":"^import^",
            "code":["#import \"~name~.h\""]
        },{
            "type":"1",
            "bFlag":"^property^",
            "code":["//~tip~\n@property(nonatomic, strong) ~name~ *~alias~Section;"]
        },
        {
            "type":"1",
            "bFlag":"^getter^",
            "code":["- (~name~ *)~alias~Section {\n    if (!_~alias~Section) {\n        _~alias~Section = [~name~ new];\n    }\n    return _~alias~Section;\n}"]
        },
        {
            "type":"2",
            "bFlag":"^configSection^",
            "dependKey":["~isArr~"],  
            "code":["\tif (self.dataManager.respondModel.~path~.count) {\n        self.listSection.cellModels = self.dataManager.respondModel.~path~;\n        [sections addObject:self.listSection];\n    }","\tif (self.dataManager.respondModel.~path~) {\n        NSMutableArray *cellModels = [NSMutableArray array];\n        [cellModels addObject:self.dataManager.respondModel.~path~];\n        self.~alias~Section.cellModels = cellModels;\n        [sections addObject:self.~alias~Section];\n    }"]
        }
    ]
}
