{
  "list" : [
    {
      "type" : "h",
      "code" : "\/\/\n\/\/  ~ClassName~.h\n\/\/  ~!AppName~fefe\n\/\/\n\/\/  Created by ~!UserName~ on ~!TIME~\n\/\/\n\n#import \"~RespondModelClass~.h\"\n\nNS_ASSUME_NONNULL_BEGIN\n\n@interface ~ClassName~ : UIView\n@property (nonatomic, strong) ~ModelClass~ *viewModel; \r^ClickProperty^\n@end\n\nNS_ASSUME_NONNULL_END\n"
    },
    {
      "type" : "m",
      "code" : "\/\/\n\/\/  ~ClassName~.m\n\/\/  ~!AppName~\n\/\/\n\/\/  Created by ~!UserName~ on ~!TIME~\n\/\/\n\n#import \"~ClassName~.h\"\n#import \"LJMNewSafeKit.h\"\r#import \"LJNHResource.h\"\n^import^\n\n@interface ~ClassName~()\n^property^\n@end\n\n@implementation ~ClassName~\n\n- (instancetype)initWithFrame:(CGRect)frame {\n    self = [super initWithFrame:frame];\n    if (self) {\n^addSubview^\n^layout^\n    }\n    return self;\n}\n\n- (void)setViewModel:(~ModelClass~ *)entity {\n    _viewModel = entity;\n^setModel^\n}\n\n^event^\n^private^\n#pragma mark - getter\n^getter^\n\n@end"
    }
  ]
}