{
  "list" : [
    {
      "type" : "h",
      "code" : "\/\/\n\/\/  ~ClassName~.h\n\/\/  ~!AppName~\n\/\/\n\/\/  Created by ~!UserName~ on ~!TIME~\n\/\/\n\n#import \"LJMNewBaseViewController.h\"\n\nNS_ASSUME_NONNULL_BEGIN\n\n@interface ~ClassName~ : LJMNewBaseViewController\n^publicProperty^\n@end\n\nNS_ASSUME_NONNULL_END"
    },
    {
      "type" : "m",
      "code" : "\/\/\n\/\/  ~ClassName~.m\n\/\/  ~!AppName~\n\/\/\n\/\/  Created by ~!UserName~ on ~!TIME~\n\/\/\n\n#import \"~ClassName~.h\"\n^import^\n\n@interface ~ClassName~()\n^property^\n@end\n\n@implementation ~ClassName~\n\n#pragma mark - lifeCycle\n- (void)viewDidLoad {\n    [super viewDidLoad];\n\n    [self setUpUI];\r^viewDidLoad^\n}\n\n- (void)viewWillAppear:(BOOL)animated {\n    [super viewWillAppear:animated];\n    [self setUpNavBar];\n}\n\n#pragma mark - nav\n- (void)setUpNavBar {\n    ^setUpNav^\n}\n\n#pragma mark - UI\n- (void)setUpUI {\n^addSubview^\n^layout^\n}\n\n#pragma mark - section\n- (void)configSection {\n\tNSMutableArray *sections = [NSMutableArray array];\n    ^configSection^\n    self.adapter.sections = sections;\n}\n\n^private^\n\n#pragma mark - getter\n^getter^\n\n@end"
    }
  ]
}