{
  "list" : [
    {
      "type" : "1",
      "bFlag" : "^property^",
      "code" : [
        "\/\/~tip~\n@property (nonatomic, strong) UIView *~name~;"
      ]
    },
    {
      "type" : "1",
      "bFlag" : "^addSubview^",
      "code" : [
        "\t[self~viewType~ addSubview:self.~name~];"
      ]
    },
    {
      "type" : "1",
      "bFlag" : "^layout^",
      "code" : [
        "\n\t[self.~name~ mas_makeConstraints:^(MASConstraintMaker *make) {\n^viewMas^\n\t}];"
      ]
    },
    {
      "type" : "1",
      "bFlag" : "^getter^",
      "code" : [
        "- (UIView *)~name~ {\n\tif (!_~name~){\n\t\t_~name~ = [UIView new];\n^paramsSet^\n\t}\n\treturn _~name~;\n}"
      ]
    },
    {
      "code" : [
        "\t\t_~name~.backgroundColor = UIColorFromRGBA(0x~backgroundColor~, ~backgroundAlpha~);",
        "\t\t_~name~.backgroundColor = UIColorFromRGB(0x~backgroundColor~);"
      ],
      "type" : "2",
      "dependKey" : [
        "~backgroundAlpha~",
        "~backgroundColor~"
      ],
      "bFlag" : "^paramsSet^"
    },
    {
      "code" : [
        "\t\t_~name~.layer.cornerRadius = ~cornerRadius~;\n\t\t_~name~.layer.masksToBounds = YES;",
        "\t\t_~name~.layer.masksToBounds = ~masksToBounds~;"
      ],
      "type" : "2",
      "dependKey" : [
        "~cornerRadius~",
        "~masksToBounds~"
      ],
      "bFlag" : "^paramsSet^"
    },
    {
      "code" : [
        "\t\t_~name~.layer.borderWidth = ~borderWidth~;\n\t\t_~name~.layer.borderColor = UIColorFromRGBA(0x~borderColor~, ~borderAlpha~).CGColor;",
        "\t\t_~name~.layer.borderWidth = ~borderWidth~;\n\t\t_~name~.layer.borderColor = UIColorFromRGB(0x~borderColor~).CGColor;"
      ],
      "type" : "2",
      "dependKey" : [
        "~borderAlpha~",
        "~borderWidth~"
      ],
      "bFlag" : "^paramsSet^"
    },
    {
      "code" : [
        "\t\t_~name~.alpha = ~alpha~;"
      ],
      "type" : "2",
      "dependKey" : [
        "~alpha~"
      ],
      "bFlag" : "^paramsSet^"
    },
    {
      "code" : [
        "@property (nonatomic, copy) void (^~contextName~~name~ClickBlock)(~ModelClass~ *~viewType~Model);"
      ],
      "type" : "2",
      "dependKey" : [
        "~tapAction~"
      ],
      "bFlag" : "^ClickProperty^"
    },
    {
      "code" : [
        "\t\t[self addTapAction:_~name~];"
      ],
      "linkedConfig" : [
        {
          "code" : [
            "\tif (gesture.view == _~name~) {\n\t\tif (self.~contextName~~name~ClickBlock) {\n\t\t\tself.~contextName~~name~ClickBlock(self.~viewType~Model);\n\t\t}\n\t}"
          ],
          "linkedConfig" : [
            {
              "type" : "1",
              "bFlag" : "^event^",
              "code" : [
                "#pragma mark - event\n- (void)addTapAction:(UIView *)view {\n    view.userInteractionEnabled = YES;\n    UITapGestureRecognizer *tapGesturRecognizer = [[UITapGestureRecognizer alloc] initWithTarget:self action:@selector(tapAction:)];\n    [view addGestureRecognizer:tapGesturRecognizer];\n}\n- (void)tapAction:(UITapGestureRecognizer *)gesture {\n    NSMutableDictionary *dic = [NSMutableDictionary dictionary];\n    [dic setValue:self.~viewType~Model forKey:@\"data\"];\n^eventBlock^\n}\n"
              ]
            }
          ],
          "type" : "1",
          "dependKey" : [
            "~viewType~"
          ],
          "bFlag" : "^eventBlock^"
        }
      ],
      "type" : "2",
      "dependKey" : [
        "~tapAction~"
      ],
      "bFlag" : "^paramsSet^"
    }
  ]
}
