{
  "list" : [
    {
      "type" : "h",
      "code" : "\/\/\n\/\/  ~ClassName~.h\n\/\/  ~!AppName~\n\/\/\n\/\/  Created by ~!UserName~ on ~!TIME~\n\/\/\n\n#import \"LNHFormBaseSectionDescriptor.h\"\n\n^class^\n@interface ~ClassName~ : LNHFormBaseSectionDescriptor\n^ publicProperty ^\n@end\n\n"
    },
    {
      "type" : "m",
      "code" : "\/\/\n\/\/  ~ClassName~.m\n\/\/  ~!AppName~\n\/\/\n\/\/  Created by ~!UserName~ on ~!TIME~\n\/\/\n\n#import \"~ClassName~.h\"\n#import \"LNHCreateConfigDescriptor.h\"\n#import \"LJXLFormRowConfigDescriptor.h\"\n^ import ^\n@implementation ~ClassName~\n-(instancetype)init^initParams^{\n    if (self = [super init]) {\n^configCell^\n    }\n    return self;\n}\n@end\n"
    }
  ]
}
