{
  "list" : [
    {
      "name" : "top",
      "type" : "set",
      "value" : "15"
    },
    {
      "name" : "left",
      "type" : "set",
      "value" : "15"
    },
    {
      "name" : "topView",
      "type" : "set",
      "value" : "topView"
    },
    {
      "name" : "topOffset",
      "type" : "set",
      "value" : "5"
    },
    {
      "name" : "leftView",
      "type" : "set",
      "value" : "leftView"
    },
    {
      "name" : "leftOffset",
      "type" : "set",
      "value" : "0"
    },
    {
      "name" : "right",
      "type" : "set",
      "value" : "-24"
    },
    {
      "name" : "rightView",
      "value" : "rightView",
      "type" : "set"
    },
    {
      "name" : "rightOffset",
      "type" : "set",
      "value" : "0"
    },
    {
      "name" : "bottom",
      "type" : "set"
    },
    {
      "name" : "bottomView",
      "type" : "set"
    },
    {
      "name" : "bottomOffset",
      "type" : "set",
      "value" : "bottomOffset"
    },
    {
      "name" : "centerX",
      "type" : "set"
    },
    {
      "name" : "centerXView",
      "type" : "set"
    },
    {
      "name" : "centerXOffset",
      "type" : "set"
    },
    {
      "name" : "centerY",
      "type" : "set"
    },
    {
      "name" : "centerYView",
      "type" : "set"
    },
    {
      "name" : "centerYOffset",
      "type" : "set"
    },
    {
      "name" : "widthView",
      "type" : "set"
    },
    {
      "name" : "widthR",
      "type" : "set"
    },
    {
      "name" : "width",
      "type" : "set"
    },
    {
      "name" : "HeightView",
      "type" : "set"
    },
    {
      "name" : "HeightR",
      "type" : "set"
    },
    {
      "name" : "Height",
      "type" : "set"
    }
  ]
}