{
  "list" : [
    {
      "code" : [
        "        make.top.equalTo(self.~topView~.mas_bottom).offset(~topOffset~); ",
        "        make.top.equalTo(self.~topView~);",
        "        make.top.mas_equalTo(~top~);",
        ""
      ],
      "type" : "2",
      "dependKey" : [
        "~topOffset~",
        "~topView~",
        "~top~"
      ],
      "bFlag" : "^viewMas^"
    },
    {
      "code" : [
        "        make.left.equalTo(self.~leftView~.mas_right).offset(~leftOffset~); ",
        "        make.left.equalTo(self.~leftView~);",
        "        make.left.mas_equalTo(~left~);",
        ""
      ],
      "type" : "2",
      "dependKey" : [
        "~leftOffset~",
        "~leftView~",
        "~left~"
      ],
      "bFlag" : "^viewMas^"
    },
    {
      "code" : [
        "        make.right.equalTo(self.~rightView~.mas_left).offset(~rightOffset~); ",
        "        make.right.equalTo(self.~rightView~);",
        "        make.right.mas_equalTo(~right~);",
        ""
      ],
      "type" : "2",
      "dependKey" : [
        "~rightOffset~",
        "~rightView~",
        "~right~"
      ],
      "bFlag" : "^viewMas^"
    },
    {
      "code" : [
        "        make.bottom.equalTo(self.~rightView~.mas_top).offset(~bottomOffset~);  ",
        "        make.bottom.equalTo(self.~bottomView~);",
        "        make.bottom.mas_equalTo(~bottom~);"
      ],
      "type" : "2",
      "dependKey" : [
        "~bottomOffset~",
        "~bottomView~",
        "~bottom~"
      ],
      "bFlag" : "^viewMas^"
    },
    {
      "code" : [
        "        make.width.equalTo(self.~widthView~.mas_width).multipliedBy(~widthR~);",
        "        make.width.equalTo(self.~widthView~);",
        "        make.width.mas_equalTo(~width~);",
        ""
      ],
      "type" : "2",
      "dependKey" : [
        "~widthR~",
        "~widthView~",
        "~width~"
      ],
      "bFlag" : "^viewMas^"
    },
    {
      "code" : [
        "        make.height.equalTo(self.~HeightView~.mas_height).multipliedBy(~HeighthR~);",
        "        make.height.equalTo(self.~HeightView~);",
        "        make.height.mas_equalTo(~Height~);"
      ],
      "type" : "2",
      "dependKey" : [
        "~HeightR~",
        "~HeightView~",
        "~Height~"
      ],
      "bFlag" : "^viewMas^"
    },
    {
      "code" : [
        "        make.centerX.mas_equalTo(self.~centerXView~.mas_centerX).offset(~centerXOffset~);\n",
        "        make.centerX.mas_equalTo(self.~centerXView~.mas_centerX);",
        "        make.centerX.mas_equalTo(~centerX~);",
        ""
      ],
      "type" : "2",
      "dependKey" : [
        "~centerXOffset~",
        "~centerXView~",
        "~centerX~"
      ],
      "bFlag" : "^viewMas^"
    },
    {
      "code" : [
        "        make.centerY.mas_equalTo(self.~centerYView~.mas_centerY).offset(~centerYOffset~);\n",
        "        make.centerY.mas_equalTo(self.~centerYView~.mas_centerY);",
        "        make.centerY.mas_equalTo(~centerY~);"
      ],
      "type" : "2",
      "dependKey" : [
        "~centerYOffset~",
        "~centerYView~",
        "~centerY~"
      ],
      "bFlag" : "^viewMas^"
    }
  ]
}